,,,,,,,,
C:,GitHub,ExercicesCompetences,A3_AnalyseFonctionnelleStructurelle,A3_01_ChaineFonctionnelle,58_Oz440,,58_Oz440.tex
C:,GitHub,ExercicesCompetences,A3_AnalyseFonctionnelleStructurelle,A3_01_ChaineFonctionnelle,59_Levage,,59_Levage.tex
C:,GitHub,ExercicesCompetences,A3_AnalyseFonctionnelleStructurelle,A3_01_ChaineFonctionnelle,60_Escalier,,60_Escalier.tex
C:,GitHub,ExercicesCompetences,A3_AnalyseFonctionnelleStructurelle,A3_06_ChaineInfo,507_Divers,,507_Divers.tex
C:,GitHub,ExercicesCompetences,A3_AnalyseFonctionnelleStructurelle,A3_06_ChaineInfo,50_BancBalafre,,50_BancBalafre.tex
C:,GitHub,ExercicesCompetences,B2_ProposerModele,B2_04_ModeleConnaissance,51_MCC,,51_MCC.tex,DDS 1
C:,GitHub,ExercicesCompetences,B2_ProposerModele,B2_06_ModeleComportement,502_Divers,,502_Divers.tex,DDS 1
C:,GitHub,ExercicesCompetences,B2_ProposerModele,B2_06_ModeleComportement,503_Divers,,503_Divers.tex,DDS 1
C:,GitHub,ExercicesCompetences,B2_ProposerModele,B2_06_ModeleComportement,504_Divers,,504_Divers.tex
C:,GitHub,ExercicesCompetences,B2_ProposerModele,B2_06_ModeleComportement,506_Divers,,506_Divers.tex
C:,GitHub,ExercicesCompetences,B2_ProposerModele,B2_07_ModelisationSchemaBlocs,500_Vierge.tex
C:,GitHub,ExercicesCompetences,B2_ProposerModele,B2_07_ModelisationSchemaBlocs,39_SeineMusicale,,39_SeineMusicale.tex,DDS 1
C:,GitHub,ExercicesCompetences,B2_ProposerModele,B2_07_ModelisationSchemaBlocs,47_SysReeduc,,47_SysReeduc.tex,DDS 1
C:,GitHub,ExercicesCompetences,B2_ProposerModele,B2_07_ModelisationSchemaBlocs,48_Quille,,48_Quille.tex
C:,GitHub,ExercicesCompetences,B2_ProposerModele,B2_07_ModelisationSchemaBlocs,500_Divers,,500_Divers.tex
C:,GitHub,ExercicesCompetences,B2_ProposerModele,B2_07_ModelisationSchemaBlocs,505_Divers,,505_Divers.tex
C:,GitHub,ExercicesCompetences,B2_ProposerModele,B2_07_ModelisationSchemaBlocs,512_Divers,,512_Divers.tex
C:,GitHub,ExercicesCompetences,B2_ProposerModele,B2_07_ModelisationSchemaBlocs,51_MCC,,51_MCC.tex,DDS 1
C:,GitHub,ExercicesCompetences,B2_ProposerModele,B2_07_ModelisationSchemaBlocs,52_Verin,,52_Verin.tex
C:,GitHub,ExercicesCompetences,B2_ProposerModele,B2_07_ModelisationSchemaBlocs,53_BancEpreuveHydraulique,,53_BancEpreuveHydraulique.tex
C:,GitHub,ExercicesCompetences,B2_ProposerModele,B2_10_CartacteristiquesSolides,40_Parallelepipede,,40_Parallelepipede.tex
C:,GitHub,ExercicesCompetences,B2_ProposerModele,B2_10_CartacteristiquesSolides,41_Parallelepipede,,41_Parallelepipede.tex
C:,GitHub,ExercicesCompetences,B2_ProposerModele,B2_10_CartacteristiquesSolides,42_Cylindre,,42_Cylindre.tex
C:,GitHub,ExercicesCompetences,B2_ProposerModele,B2_10_CartacteristiquesSolides,43_Cylindre,,43_Cylindre.tex
C:,GitHub,ExercicesCompetences,B2_ProposerModele,B2_10_CartacteristiquesSolides,44_Disque,,44_Disque.tex
C:,GitHub,ExercicesCompetences,B2_ProposerModele,B2_10_CartacteristiquesSolides,45_Disque,,45_Disque.tex
C:,GitHub,ExercicesCompetences,B2_ProposerModele,B2_10_CartacteristiquesSolides,50_BancBalafre,,50_BancBalafre.tex
C:,GitHub,ExercicesCompetences,B2_ProposerModele,B2_10_CartacteristiquesSolides,64_EPAS,,64_EPAS.tex
C:,GitHub,ExercicesCompetences,B2_ProposerModele,B2_10_CartacteristiquesSolides,65_Eclipse,,65_Eclipse.tex
C:,GitHub,ExercicesCompetences,B2_ProposerModele,B2_12_ModeliserSchemasCinematiques,01_T,,01_T.tex,DDS 1
C:,GitHub,ExercicesCompetences,B2_ProposerModele,B2_12_ModeliserSchemasCinematiques,02_R,,02_R.tex,DDS 1
C:,GitHub,ExercicesCompetences,B2_ProposerModele,B2_12_ModeliserSchemasCinematiques,03_TT,,03_TT.tex
C:,GitHub,ExercicesCompetences,B2_ProposerModele,B2_12_ModeliserSchemasCinematiques,04_RR,,04_RR.tex
C:,GitHub,ExercicesCompetences,B2_ProposerModele,B2_12_ModeliserSchemasCinematiques,05_RT,,05_RT.tex
C:,GitHub,ExercicesCompetences,B2_ProposerModele,B2_12_ModeliserSchemasCinematiques,06_TR,,06_TR.tex
C:,GitHub,ExercicesCompetences,B2_ProposerModele,B2_12_ModeliserSchemasCinematiques,07_RR3D,,07_RR3D.tex
C:,GitHub,ExercicesCompetences,B2_ProposerModele,B2_12_ModeliserSchemasCinematiques,08_RR3D,,08_RR3D.tex
C:,GitHub,ExercicesCompetences,B2_ProposerModele,B2_12_ModeliserSchemasCinematiques,09_RT_RSG,,09_RT_RSG.tex
C:,GitHub,ExercicesCompetences,B2_ProposerModele,B2_12_ModeliserSchemasCinematiques,1018_BorneReglable,,1018_BorneReglable.tex
C:,GitHub,ExercicesCompetences,B2_ProposerModele,B2_12_ModeliserSchemasCinematiques,1019_RobotPeinture,,1019_RobotPeinture.tex
C:,GitHub,ExercicesCompetences,B2_ProposerModele,B2_12_ModeliserSchemasCinematiques,1020_PompeEnsieta,,1020_PompeEnsieta.tex
C:,GitHub,ExercicesCompetences,B2_ProposerModele,B2_12_ModeliserSchemasCinematiques,10_PompePalette,,10_PompePalette.tex
C:,GitHub,ExercicesCompetences,B2_ProposerModele,B2_12_ModeliserSchemasCinematiques,11_PompePistonsRadiaux,,11_PompePistonsRadiaux.tex
C:,GitHub,ExercicesCompetences,B2_ProposerModele,B2_12_ModeliserSchemasCinematiques,12_BielleManivelle,,12_BielleManivelle.tex
C:,GitHub,ExercicesCompetences,B2_ProposerModele,B2_12_ModeliserSchemasCinematiques,13_TransfoMouvement,,13_TransfoMouvement.tex
C:,GitHub,ExercicesCompetences,B2_ProposerModele,B2_12_ModeliserSchemasCinematiques,14_Sympact,,14_Sympact.tex,DDS 1
C:,GitHub,ExercicesCompetences,B2_ProposerModele,B2_12_ModeliserSchemasCinematiques,15_SympactGalet,,15_SympactGalet.tex
C:,GitHub,ExercicesCompetences,B2_ProposerModele,B2_12_ModeliserSchemasCinematiques,16_Poussoir,,16_Poussoir.tex
C:,GitHub,ExercicesCompetences,B2_ProposerModele,B2_12_ModeliserSchemasCinematiques,17_4Barres,,17_4Barres.tex
C:,GitHub,ExercicesCompetences,B2_ProposerModele,B2_12_ModeliserSchemasCinematiques,18_Maxpid,,18_Maxpid.tex
C:,GitHub,ExercicesCompetences,B2_ProposerModele,B2_12_ModeliserSchemasCinematiques,46_RR_RSG,,46_RR_RSG.tex
C:,GitHub,ExercicesCompetences,B2_ProposerModele,B2_12_ModeliserSchemasCinematiques,513_Divers_Tabouret,,513_Divers_Tabouret.tex
C:,GitHub,ExercicesCompetences,B2_ProposerModele,B2_12_ModeliserSchemasCinematiques,514_Divers_Tabouret,,514_Divers_Tabouret.tex
C:,GitHub,ExercicesCompetences,B2_ProposerModele,B2_13_ModeliserCinematique,01_T,,01_T.tex,DDS 1
C:,GitHub,ExercicesCompetences,B2_ProposerModele,B2_13_ModeliserCinematique,01_T_02,,01_T_02.tex
C:,GitHub,ExercicesCompetences,B2_ProposerModele,B2_13_ModeliserCinematique,02_R,,02_R.tex,DDS 1
C:,GitHub,ExercicesCompetences,B2_ProposerModele,B2_13_ModeliserCinematique,02_R_02,,02_R_02.tex
C:,GitHub,ExercicesCompetences,B2_ProposerModele,B2_13_ModeliserCinematique,03_TT,,03_TT.tex
C:,GitHub,ExercicesCompetences,B2_ProposerModele,B2_13_ModeliserCinematique,03_TT_02,,03_TT_02.tex
C:,GitHub,ExercicesCompetences,B2_ProposerModele,B2_13_ModeliserCinematique,04_RR,,04_RR.tex
C:,GitHub,ExercicesCompetences,B2_ProposerModele,B2_13_ModeliserCinematique,04_RR_02,,04_RR_02.tex
C:,GitHub,ExercicesCompetences,B2_ProposerModele,B2_13_ModeliserCinematique,05_RT,,05_RT.tex
C:,GitHub,ExercicesCompetences,B2_ProposerModele,B2_13_ModeliserCinematique,05_RT_02,,05_RT_02.tex
C:,GitHub,ExercicesCompetences,B2_ProposerModele,B2_13_ModeliserCinematique,06_TR,,06_TR.tex
C:,GitHub,ExercicesCompetences,B2_ProposerModele,B2_13_ModeliserCinematique,06_TR_02,,06_TR_02.tex
C:,GitHub,ExercicesCompetences,B2_ProposerModele,B2_13_ModeliserCinematique,07_RR3D,,07_RR3D.tex
C:,GitHub,ExercicesCompetences,B2_ProposerModele,B2_13_ModeliserCinematique,07_RR3D_02,,07_RR3D_02.tex
C:,GitHub,ExercicesCompetences,B2_ProposerModele,B2_13_ModeliserCinematique,08_RR3D,,08_RR3D.tex
C:,GitHub,ExercicesCompetences,B2_ProposerModele,B2_13_ModeliserCinematique,08_RR3D_02,,08_RR3D_02.tex
C:,GitHub,ExercicesCompetences,B2_ProposerModele,B2_13_ModeliserCinematique,09_RT_RSG,,09_RT_RSG.tex
C:,GitHub,ExercicesCompetences,B2_ProposerModele,B2_13_ModeliserCinematique,10_PompePalette,,10_PompePalette.tex
C:,GitHub,ExercicesCompetences,B2_ProposerModele,B2_13_ModeliserCinematique,11_PompePistonsRadiaux,,11_PompePistonsRadiaux.tex
C:,GitHub,ExercicesCompetences,B2_ProposerModele,B2_13_ModeliserCinematique,12_BielleManivelle,,12_BielleManivelle.tex
C:,GitHub,ExercicesCompetences,B2_ProposerModele,B2_13_ModeliserCinematique,13_TransfoMouvement,,13_TransfoMouvement.tex
C:,GitHub,ExercicesCompetences,B2_ProposerModele,B2_13_ModeliserCinematique,14_Sympact,,14_Sympact.tex,DDS 1
C:,GitHub,ExercicesCompetences,B2_ProposerModele,B2_13_ModeliserCinematique,15_SympactGalet,,15_SympactGalet.tex
C:,GitHub,ExercicesCompetences,B2_ProposerModele,B2_13_ModeliserCinematique,16_Poussoir,,16_Poussoir.tex
C:,GitHub,ExercicesCompetences,B2_ProposerModele,B2_13_ModeliserCinematique,17_4Barres,,17_4Barres.tex
C:,GitHub,ExercicesCompetences,B2_ProposerModele,B2_13_ModeliserCinematique,18_Maxpid,,18_Maxpid.tex
C:,GitHub,ExercicesCompetences,B2_ProposerModele,B2_13_ModeliserCinematique,46_RR_RSG,,46_RR_RSG.tex
C:,GitHub,ExercicesCompetences,B2_ProposerModele,B2_13_PTSI_PT_Parametrage,01_T,,01_T.tex
C:,GitHub,ExercicesCompetences,B2_ProposerModele,B2_13_PTSI_PT_Parametrage,01_T_02,,01_T_02.tex
C:,GitHub,ExercicesCompetences,B2_ProposerModele,B2_13_PTSI_PT_Parametrage,02_R,,02_R.tex
C:,GitHub,ExercicesCompetences,B2_ProposerModele,B2_13_PTSI_PT_Parametrage,02_R_02,,02_R_02.tex
C:,GitHub,ExercicesCompetences,B2_ProposerModele,B2_13_PTSI_PT_Parametrage,03_TT,,03_TT.tex
C:,GitHub,ExercicesCompetences,B2_ProposerModele,B2_13_PTSI_PT_Parametrage,03_TT_02,,03_TT_02.tex
C:,GitHub,ExercicesCompetences,B2_ProposerModele,B2_13_PTSI_PT_Parametrage,04_RR,,04_RR.tex
C:,GitHub,ExercicesCompetences,B2_ProposerModele,B2_13_PTSI_PT_Parametrage,04_RR_02,,04_RR_02.tex
C:,GitHub,ExercicesCompetences,B2_ProposerModele,B2_13_PTSI_PT_Parametrage,05_RT,,05_RT.tex
C:,GitHub,ExercicesCompetences,B2_ProposerModele,B2_13_PTSI_PT_Parametrage,05_RT_02,,05_RT_02.tex
C:,GitHub,ExercicesCompetences,B2_ProposerModele,B2_13_PTSI_PT_Parametrage,06_TR,,06_TR.tex
C:,GitHub,ExercicesCompetences,B2_ProposerModele,B2_13_PTSI_PT_Parametrage,06_TR_02,,06_TR_02.tex
C:,GitHub,ExercicesCompetences,B2_ProposerModele,B2_13_PTSI_PT_Parametrage,07_RR3D,,07_RR3D.tex
C:,GitHub,ExercicesCompetences,B2_ProposerModele,B2_13_PTSI_PT_Parametrage,07_RR3D_02,,07_RR3D_02.tex
C:,GitHub,ExercicesCompetences,B2_ProposerModele,B2_13_PTSI_PT_Parametrage,08_RR3D,,08_RR3D.tex
C:,GitHub,ExercicesCompetences,B2_ProposerModele,B2_13_PTSI_PT_Parametrage,08_RR3D_02,,08_RR3D_02.tex
C:,GitHub,ExercicesCompetences,B2_ProposerModele,B2_13_PTSI_PT_Parametrage,09_RT_RSG,,09_RT_RSG.tex
C:,GitHub,ExercicesCompetences,B2_ProposerModele,B2_13_PTSI_PT_Parametrage,10_PompePalette,,10_PompePalette.tex
C:,GitHub,ExercicesCompetences,B2_ProposerModele,B2_13_PTSI_PT_Parametrage,11_PompePistonsRadiaux,,11_PompePistonsRadiaux.tex
C:,GitHub,ExercicesCompetences,B2_ProposerModele,B2_13_PTSI_PT_Parametrage,12_BielleManivelle,,12_BielleManivelle.tex
C:,GitHub,ExercicesCompetences,B2_ProposerModele,B2_13_PTSI_PT_Parametrage,13_TransfoMouvement,,13_TransfoMouvement.tex
C:,GitHub,ExercicesCompetences,B2_ProposerModele,B2_13_PTSI_PT_Parametrage,14_Sympact,,14_Sympact.tex
C:,GitHub,ExercicesCompetences,B2_ProposerModele,B2_13_PTSI_PT_Parametrage,15_SympactGalet,,15_SympactGalet.tex
C:,GitHub,ExercicesCompetences,B2_ProposerModele,B2_13_PTSI_PT_Parametrage,16_Poussoir,,16_Poussoir.tex
C:,GitHub,ExercicesCompetences,B2_ProposerModele,B2_13_PTSI_PT_Parametrage,17_4Barres,,17_4Barres.tex
C:,GitHub,ExercicesCompetences,B2_ProposerModele,B2_13_PTSI_PT_Parametrage,18_Maxpid,,18_Maxpid.tex
C:,GitHub,ExercicesCompetences,B2_ProposerModele,B2_13_PTSI_PT_Parametrage,46_RR_RSG,,46_RR_RSG.tex
C:,GitHub,ExercicesCompetences,B2_ProposerModele,B2_14_ModeliserAction,39_SeineMusicale,,39_SeineMusicale.tex
C:,GitHub,ExercicesCompetences,B2_ProposerModele,B2_14_ModeliserAction,50_BancBalafre,,50_BancBalafre.tex
C:,GitHub,ExercicesCompetences,B2_ProposerModele,B2_14_ModeliserAction_Frottement,532_MAM_Frottement_Cylindre,,532_MAM_Frottement_Cylindre.tex
C:,GitHub,ExercicesCompetences,B2_ProposerModele,B2_14_ModeliserAction_Frottement,533_MAM_Frottement_Cylindre,,533_MAM_Frottement_Cylindre.tex
C:,GitHub,ExercicesCompetences,B2_ProposerModele,B2_14_ModeliserAction_ModeleGlobal,516_MAM,,516_MAM.tex
C:,GitHub,ExercicesCompetences,B2_ProposerModele,B2_14_ModeliserAction_ModeleGlobal,517_MAM,,517_MAM.tex
C:,GitHub,ExercicesCompetences,B2_ProposerModele,B2_14_ModeliserAction_ModeleGlobal,518_MAM,,518_MAM.tex
C:,GitHub,ExercicesCompetences,B2_ProposerModele,B2_14_ModeliserAction_ModeleGlobal,519_MAM,,519_MAM.tex
C:,GitHub,ExercicesCompetences,B2_ProposerModele,B2_14_ModeliserAction_ModeleGlobal,520_MAM,,520_MAM.tex
C:,GitHub,ExercicesCompetences,B2_ProposerModele,B2_14_ModeliserAction_ModeleGlobal,521_MAM,,521_MAM.tex
C:,GitHub,ExercicesCompetences,B2_ProposerModele,B2_16_Hyperstatisme,64_EPAS,,64_EPAS.tex
C:,GitHub,ExercicesCompetences,B2_ProposerModele,B2_16_Hyperstatisme,69_TrainA350,,69_TrainA350.tex
C:,GitHub,ExercicesCompetences,B2_ProposerModele,B2_16_Hyperstatisme,71_Robovolc,,71_Robovolc.tex
C:,GitHub,ExercicesCompetences,B2_ProposerModele,B2_16_Hyperstatisme,72_Tripteor,,72_Tripteor.tex
C:,GitHub,ExercicesCompetences,B2_ProposerModele,B2_17_Sequentiel,50_BancBalafre,,50_BancBalafre.tex
C:,GitHub,ExercicesCompetences,B2_ProposerModele,B2_22_ModeliserConvertisseur,50_BancBalafre,,50_BancBalafre.tex
C:,GitHub,ExercicesCompetences,C1_ProposerDemarche,C1_02_ProposerDemarcheReglageCorrecteur,50_BancBalafre,,50_BancBalafre.tex
C:,GitHub,ExercicesCompetences,C1_ProposerDemarche,C1_05_ProposerDemarcheActionMecaLoiMvt_PFD,01_T,,01_T.tex
C:,GitHub,ExercicesCompetences,C1_ProposerDemarche,C1_05_ProposerDemarcheActionMecaLoiMvt_PFD,02_R,,02_R.tex
C:,GitHub,ExercicesCompetences,C1_ProposerDemarche,C1_05_ProposerDemarcheActionMecaLoiMvt_PFD,03_TT,,03_TT.tex
C:,GitHub,ExercicesCompetences,C1_ProposerDemarche,C1_05_ProposerDemarcheActionMecaLoiMvt_PFD,04_RR,,04_RR.tex
C:,GitHub,ExercicesCompetences,C1_ProposerDemarche,C1_05_ProposerDemarcheActionMecaLoiMvt_PFD,05_RT,,05_RT.tex
C:,GitHub,ExercicesCompetences,C1_ProposerDemarche,C1_05_ProposerDemarcheActionMecaLoiMvt_PFD,06_TR,,06_TR.tex
C:,GitHub,ExercicesCompetences,C1_ProposerDemarche,C1_05_ProposerDemarcheActionMecaLoiMvt_PFD,07_RR3D,,07_RR3D.tex
C:,GitHub,ExercicesCompetences,C1_ProposerDemarche,C1_05_ProposerDemarcheActionMecaLoiMvt_PFD,08_RR3D,,08_RR3D.tex
C:,GitHub,ExercicesCompetences,C1_ProposerDemarche,C1_05_ProposerDemarcheActionMecaLoiMvt_PFD,09_RT_RSG,,09_RT_RSG.tex
C:,GitHub,ExercicesCompetences,C1_ProposerDemarche,C1_05_ProposerDemarcheActionMecaLoiMvt_PFD,46_RR_RSG,,46_RR_RSG.tex
C:,GitHub,ExercicesCompetences,C1_ProposerDemarche,C1_05_ProposerDemarcheActionMecaLoiMvt_PFD,STOCK,01_T_02,01_T_02.tex
C:,GitHub,ExercicesCompetences,C1_ProposerDemarche,C1_05_ProposerDemarcheActionMecaLoiMvt_PFD,STOCK,02_R_02,02_R_02.tex
C:,GitHub,ExercicesCompetences,C1_ProposerDemarche,C1_05_ProposerDemarcheActionMecaLoiMvt_PFD,STOCK,03_TT_02,03_TT_02.tex
C:,GitHub,ExercicesCompetences,C1_ProposerDemarche,C1_05_ProposerDemarcheActionMecaLoiMvt_PFD,STOCK,04_RR_02,04_RR_02.tex
C:,GitHub,ExercicesCompetences,C1_ProposerDemarche,C1_05_ProposerDemarcheActionMecaLoiMvt_PFD,STOCK,05_RT_02,05_RT_02.tex
C:,GitHub,ExercicesCompetences,C1_ProposerDemarche,C1_05_ProposerDemarcheActionMecaLoiMvt_PFD,STOCK,06_TR_02,06_TR_02.tex
C:,GitHub,ExercicesCompetences,C1_ProposerDemarche,C1_05_ProposerDemarcheActionMecaLoiMvt_PFD,STOCK,07_RR3D_02,07_RR3D_02.tex
C:,GitHub,ExercicesCompetences,C1_ProposerDemarche,C1_05_ProposerDemarcheActionMecaLoiMvt_PFD,STOCK,08_RR3D_02,08_RR3D_02.tex
C:,GitHub,ExercicesCompetences,C1_ProposerDemarche,C1_05_ProposerDemarcheActionMecaLoiMvt_PFS,01_T,,01_T.tex,DDS 1
C:,GitHub,ExercicesCompetences,C1_ProposerDemarche,C1_05_ProposerDemarcheActionMecaLoiMvt_PFS,02_R,,02_R.tex,DDS 1
C:,GitHub,ExercicesCompetences,C1_ProposerDemarche,C1_05_ProposerDemarcheActionMecaLoiMvt_PFS,03_TT,,03_TT.tex
C:,GitHub,ExercicesCompetences,C1_ProposerDemarche,C1_05_ProposerDemarcheActionMecaLoiMvt_PFS,04_RR,,04_RR.tex
C:,GitHub,ExercicesCompetences,C1_ProposerDemarche,C1_05_ProposerDemarcheActionMecaLoiMvt_PFS,05_RT,,05_RT.tex
C:,GitHub,ExercicesCompetences,C1_ProposerDemarche,C1_05_ProposerDemarcheActionMecaLoiMvt_PFS,06_TR,,06_TR.tex
C:,GitHub,ExercicesCompetences,C1_ProposerDemarche,C1_05_ProposerDemarcheActionMecaLoiMvt_PFS,07_RR3D,,07_RR3D.tex
C:,GitHub,ExercicesCompetences,C1_ProposerDemarche,C1_05_ProposerDemarcheActionMecaLoiMvt_PFS,08_RR3D,,08_RR3D.tex
C:,GitHub,ExercicesCompetences,C1_ProposerDemarche,C1_05_ProposerDemarcheActionMecaLoiMvt_PFS,14_Sympact,,14_Sympact.tex,DDS 1
C:,GitHub,ExercicesCompetences,C1_ProposerDemarche,C1_05_ProposerDemarcheActionMecaLoiMvt_PFS,55_Suspension,,55_Suspension.tex
C:,GitHub,ExercicesCompetences,C1_ProposerDemarche,C1_05_ProposerDemarcheActionMecaLoiMvt_PFS,57_PeseCamion,,57_PeseCamion.tex
C:,GitHub,ExercicesCompetences,C1_ProposerDemarche,C1_05_ProposerDemarcheActionMecaLoiMvt_PFS,STOCK,01_T_02,01_T_02.tex
C:,GitHub,ExercicesCompetences,C1_ProposerDemarche,C1_05_ProposerDemarcheActionMecaLoiMvt_PFS,STOCK,02_R_02,02_R_02.tex
C:,GitHub,ExercicesCompetences,C1_ProposerDemarche,C1_05_ProposerDemarcheActionMecaLoiMvt_PFS,STOCK,03_TT_02,03_TT_02.tex
C:,GitHub,ExercicesCompetences,C1_ProposerDemarche,C1_05_ProposerDemarcheActionMecaLoiMvt_PFS,STOCK,04_RR_02,04_RR_02.tex
C:,GitHub,ExercicesCompetences,C1_ProposerDemarche,C1_05_ProposerDemarcheActionMecaLoiMvt_PFS,STOCK,05_RT_02,05_RT_02.tex
C:,GitHub,ExercicesCompetences,C1_ProposerDemarche,C1_05_ProposerDemarcheActionMecaLoiMvt_PFS,STOCK,06_TR_02,06_TR_02.tex
C:,GitHub,ExercicesCompetences,C1_ProposerDemarche,C1_05_ProposerDemarcheActionMecaLoiMvt_PFS,STOCK,07_RR3D_02,07_RR3D_02.tex
C:,GitHub,ExercicesCompetences,C1_ProposerDemarche,C1_05_ProposerDemarcheActionMecaLoiMvt_PFS,STOCK,08_RR3D_02,08_RR3D_02.tex
C:,GitHub,ExercicesCompetences,C1_ProposerDemarche,C1_05_ProposerDemarcheActionMecaLoiMvt_PFS,STOCK,09_RT_RSG,09_RT_RSG.tex
C:,GitHub,ExercicesCompetences,C2_MettreEnOeuvreDemarche,C2_02_DiagrammeBode,510_Divers,,510_Divers.tex,DDS 1
C:,GitHub,ExercicesCompetences,C2_MettreEnOeuvreDemarche,C2_02_DiagrammeBode,511_Divers,,511_Divers.tex
C:,GitHub,ExercicesCompetences,C2_MettreEnOeuvreDemarche,C2_03_PerformancesSLCI,501_Divers,,501_Divers.tex,DDS 1
C:,GitHub,ExercicesCompetences,C2_MettreEnOeuvreDemarche,C2_03_PerformancesSLCI,509_Divers,,509_Divers.tex
C:,GitHub,ExercicesCompetences,C2_MettreEnOeuvreDemarche,C2_03_PerformancesSLCI_Precision,63_BancHydraulique,,63_BancHydraulique.tex
C:,GitHub,ExercicesCompetences,C2_MettreEnOeuvreDemarche,C2_03_PerformancesSLCI_Precision,64_EPAS,,64_EPAS.tex
C:,GitHub,ExercicesCompetences,C2_MettreEnOeuvreDemarche,C2_03_PerformancesSLCI_Precision,73_Bassin,,73_Bassin.tex
C:,GitHub,ExercicesCompetences,C2_MettreEnOeuvreDemarche,C2_03_PerformancesSLCI_Stabilite,61_Hemostase,,61_Hemostase.tex
C:,GitHub,ExercicesCompetences,C2_MettreEnOeuvreDemarche,C2_03_PerformancesSLCI_Stabilite,62_Palettisation,,62_Palettisation.tex
C:,GitHub,ExercicesCompetences,C2_MettreEnOeuvreDemarche,C2_03_PerformancesSLCI_Stabilite,63_BancHydraulique,,63_BancHydraulique.tex
C:,GitHub,ExercicesCompetences,C2_MettreEnOeuvreDemarche,C2_03_PerformancesSLCI_Stabilite,64_EPAS,,64_EPAS.tex
C:,GitHub,ExercicesCompetences,C2_MettreEnOeuvreDemarche,C2_04_Correcteurs,65_Eclipse,,65_Eclipse.tex
C:,GitHub,ExercicesCompetences,C2_MettreEnOeuvreDemarche,C2_04_Correcteurs,65_Eclipse_02,,65_Eclipse_02.tex
C:,GitHub,ExercicesCompetences,C2_MettreEnOeuvreDemarche,C2_04_Correcteurs,65_Eclipse_03,,65_Eclipse_03.tex
C:,GitHub,ExercicesCompetences,C2_MettreEnOeuvreDemarche,C2_04_Correcteurs,66_Micromanipulateur,,66_Micromanipulateur.tex
C:,GitHub,ExercicesCompetences,C2_MettreEnOeuvreDemarche,C2_04_Correcteurs,67_PompeTurbo,,67_PompeTurbo.tex
C:,GitHub,ExercicesCompetences,C2_MettreEnOeuvreDemarche,C2_04_Correcteurs,68_Roburoc,,68_Roburoc.tex
C:,GitHub,ExercicesCompetences,C2_MettreEnOeuvreDemarche,C2_04_Correcteurs,70_Hublex,,70_Hublex.tex
C:,GitHub,ExercicesCompetences,C2_MettreEnOeuvreDemarche,C2_06_DeterminerLoisES,10_PompePalette,,10_PompePalette.tex
C:,GitHub,ExercicesCompetences,C2_MettreEnOeuvreDemarche,C2_06_DeterminerLoisES,11_PompePistonsRadiaux,,11_PompePistonsRadiaux.tex
C:,GitHub,ExercicesCompetences,C2_MettreEnOeuvreDemarche,C2_06_DeterminerLoisES,12_BielleManivelle,,12_BielleManivelle.tex
C:,GitHub,ExercicesCompetences,C2_MettreEnOeuvreDemarche,C2_06_DeterminerLoisES,13_TransfoMouvement,,13_TransfoMouvement.tex
C:,GitHub,ExercicesCompetences,C2_MettreEnOeuvreDemarche,C2_06_DeterminerLoisES,14_Sympact,,14_Sympact.tex,DDS 1
C:,GitHub,ExercicesCompetences,C2_MettreEnOeuvreDemarche,C2_06_DeterminerLoisES,15_SympactGalet,,15_SympactGalet.tex
C:,GitHub,ExercicesCompetences,C2_MettreEnOeuvreDemarche,C2_06_DeterminerLoisES,16_Poussoir,,16_Poussoir.tex
C:,GitHub,ExercicesCompetences,C2_MettreEnOeuvreDemarche,C2_06_DeterminerLoisES,17_4Barres,,17_4Barres.tex
C:,GitHub,ExercicesCompetences,C2_MettreEnOeuvreDemarche,C2_06_DeterminerLoisES,18_Maxpid,,18_Maxpid.tex
C:,GitHub,ExercicesCompetences,C2_MettreEnOeuvreDemarche,C2_06_DeterminerLoisES,19_Graham,,19_Graham.tex
C:,GitHub,ExercicesCompetences,C2_MettreEnOeuvreDemarche,C2_06_DeterminerLoisES,20_VariateurBilles,,20_VariateurBilles.tex
C:,GitHub,ExercicesCompetences,C2_MettreEnOeuvreDemarche,C2_06_DeterminerLoisES,54_FauteuilRoulant,,54_FauteuilRoulant.tex
C:,GitHub,ExercicesCompetences,C2_MettreEnOeuvreDemarche,C2_06_DeterminerLoisES,64_EPAS,,64_EPAS.tex
C:,GitHub,ExercicesCompetences,C2_MettreEnOeuvreDemarche,C2_06_Transmetteurs,21_TrainSimple,,21_TrainSimple.tex,DDS 1
C:,GitHub,ExercicesCompetences,C2_MettreEnOeuvreDemarche,C2_06_Transmetteurs,22_TrainSimple,,22_TrainSimple.tex,DDS 1
C:,GitHub,ExercicesCompetences,C2_MettreEnOeuvreDemarche,C2_06_Transmetteurs,23_TrainSimple,,23_TrainSimple.tex,DDS 1
C:,GitHub,ExercicesCompetences,C2_MettreEnOeuvreDemarche,C2_06_Transmetteurs,24_TrainSimple,,24_TrainSimple.tex,DDS 1
C:,GitHub,ExercicesCompetences,C2_MettreEnOeuvreDemarche,C2_06_Transmetteurs,25_Cheville,,25_Cheville.tex
C:,GitHub,ExercicesCompetences,C2_MettreEnOeuvreDemarche,C2_06_Transmetteurs,26_RoueMotrice,,26_RoueMotrice.tex
C:,GitHub,ExercicesCompetences,C2_MettreEnOeuvreDemarche,C2_06_Transmetteurs,27_TrainEpi,,27_TrainEpi.tex
C:,GitHub,ExercicesCompetences,C2_MettreEnOeuvreDemarche,C2_06_Transmetteurs,28_TrainEpi,,28_TrainEpi.tex
C:,GitHub,ExercicesCompetences,C2_MettreEnOeuvreDemarche,C2_06_Transmetteurs,29_TrainEpi,,29_TrainEpi.tex
C:,GitHub,ExercicesCompetences,C2_MettreEnOeuvreDemarche,C2_06_Transmetteurs,30_TrainEpi,,30_TrainEpi.tex
C:,GitHub,ExercicesCompetences,C2_MettreEnOeuvreDemarche,C2_06_Transmetteurs,31_Redex,,31_Redex.tex
C:,GitHub,ExercicesCompetences,C2_MettreEnOeuvreDemarche,C2_06_Transmetteurs,32_Broyeur,,32_Broyeur.tex
C:,GitHub,ExercicesCompetences,C2_MettreEnOeuvreDemarche,C2_06_Transmetteurs,33_Centrifugeuse,,33_Centrifugeuse.tex
C:,GitHub,ExercicesCompetences,C2_MettreEnOeuvreDemarche,C2_06_Transmetteurs,34_ControlX,,34_ControlX.tex
C:,GitHub,ExercicesCompetences,C2_MettreEnOeuvreDemarche,C2_06_Transmetteurs,35_Vario,,35_Vario.tex
C:,GitHub,ExercicesCompetences,C2_MettreEnOeuvreDemarche,C2_06_Transmetteurs,36_VisEcrou,,36_VisEcrou.tex
C:,GitHub,ExercicesCompetences,C2_MettreEnOeuvreDemarche,C2_06_Transmetteurs,37_VisEcrou,,37_VisEcrou.tex
C:,GitHub,ExercicesCompetences,C2_MettreEnOeuvreDemarche,C2_06_Transmetteurs,38_Treuil,,38_Treuil.tex
C:,GitHub,ExercicesCompetences,C2_MettreEnOeuvreDemarche,C2_07_PFS,01_T,,01_T.tex,DDS 1
C:,GitHub,ExercicesCompetences,C2_MettreEnOeuvreDemarche,C2_07_PFS,02_R,,02_R.tex,DDS 1
C:,GitHub,ExercicesCompetences,C2_MettreEnOeuvreDemarche,C2_07_PFS,14_Sympact,,14_Sympact.tex,DDS 1
C:,GitHub,ExercicesCompetences,C2_MettreEnOeuvreDemarche,C2_07_PFS,515_Divers_Potence,,515_Divers_Potence.tex,DDS 1
C:,GitHub,ExercicesCompetences,C2_MettreEnOeuvreDemarche,C2_07_PFS,55_Suspension,,55_Suspension.tex
C:,GitHub,ExercicesCompetences,C2_MettreEnOeuvreDemarche,C2_07_PFS,56_RobotAvion,,56_RobotAvion.tex
C:,GitHub,ExercicesCompetences,C2_MettreEnOeuvreDemarche,C2_07_PFS,57_PeseCamion,,57_PeseCamion.tex
C:,GitHub,ExercicesCompetences,C2_MettreEnOeuvreDemarche,C2_07_PFS,57_PeseCamion_02,,57_PeseCamion_02.tex
C:,GitHub,ExercicesCompetences,C2_MettreEnOeuvreDemarche,C2_07_PFS,64_EPAS,,64_EPAS.tex
C:,GitHub,ExercicesCompetences,C2_MettreEnOeuvreDemarche,C2_08_PFD,50_BancBalafre,,50_BancBalafre.tex
C:,GitHub,ExercicesCompetences,C2_MettreEnOeuvreDemarche,C2_08_TorseurDynamique,01_T,,01_T.tex
C:,GitHub,ExercicesCompetences,C2_MettreEnOeuvreDemarche,C2_08_TorseurDynamique,01_T_02,,01_T_02.tex
C:,GitHub,ExercicesCompetences,C2_MettreEnOeuvreDemarche,C2_08_TorseurDynamique,02_R,,02_R.tex
C:,GitHub,ExercicesCompetences,C2_MettreEnOeuvreDemarche,C2_08_TorseurDynamique,03_TT,,03_TT.tex
C:,GitHub,ExercicesCompetences,C2_MettreEnOeuvreDemarche,C2_08_TorseurDynamique,04_RR,,04_RR.tex
C:,GitHub,ExercicesCompetences,C2_MettreEnOeuvreDemarche,C2_08_TorseurDynamique,05_RT,,05_RT.tex
C:,GitHub,ExercicesCompetences,C2_MettreEnOeuvreDemarche,C2_08_TorseurDynamique,06_TR,,06_TR.tex
C:,GitHub,ExercicesCompetences,C2_MettreEnOeuvreDemarche,C2_08_TorseurDynamique,07_RR3D,,07_RR3D.tex
C:,GitHub,ExercicesCompetences,C2_MettreEnOeuvreDemarche,C2_08_TorseurDynamique,08_RR3D,,08_RR3D.tex
C:,GitHub,ExercicesCompetences,C2_MettreEnOeuvreDemarche,C2_08_TorseurDynamique,09_RT_RSG,,09_RT_RSG.tex
C:,GitHub,ExercicesCompetences,C2_MettreEnOeuvreDemarche,C2_08_TorseurDynamique,46_RR_RSG,,46_RR_RSG.tex
C:,GitHub,ExercicesCompetences,C2_MettreEnOeuvreDemarche,C2_08_TorseurDynamique,50_BancBalafre,,50_BancBalafre.tex
C:,GitHub,ExercicesCompetences,C2_MettreEnOeuvreDemarche,C2_08_TorseurDynamique,64_EPAS,,64_EPAS.tex
C:,GitHub,ExercicesCompetences,C2_MettreEnOeuvreDemarche,C2_08_TorseurDynamique,STOCK,02_R_02,02_R_02.tex
C:,GitHub,ExercicesCompetences,C2_MettreEnOeuvreDemarche,C2_08_TorseurDynamique,STOCK,03_TT_02,03_TT_02.tex
C:,GitHub,ExercicesCompetences,C2_MettreEnOeuvreDemarche,C2_08_TorseurDynamique,STOCK,04_RR_02,04_RR_02.tex
C:,GitHub,ExercicesCompetences,C2_MettreEnOeuvreDemarche,C2_08_TorseurDynamique,STOCK,05_RT_02,05_RT_02.tex
C:,GitHub,ExercicesCompetences,C2_MettreEnOeuvreDemarche,C2_08_TorseurDynamique,STOCK,06_TR_02,06_TR_02.tex
C:,GitHub,ExercicesCompetences,C2_MettreEnOeuvreDemarche,C2_08_TorseurDynamique,STOCK,07_RR3D_02,07_RR3D_02.tex
C:,GitHub,ExercicesCompetences,C2_MettreEnOeuvreDemarche,C2_08_TorseurDynamique,STOCK,08_RR3D_02,08_RR3D_02.tex
C:,GitHub,ExercicesCompetences,C2_MettreEnOeuvreDemarche,C2_08_TorseurDynamique,STOCK,10_PompePalette,10_PompePalette.tex
C:,GitHub,ExercicesCompetences,C2_MettreEnOeuvreDemarche,C2_08_TorseurDynamique,STOCK,11_PompePistonsRadiaux,11_PompePistonsRadiaux.tex
C:,GitHub,ExercicesCompetences,C2_MettreEnOeuvreDemarche,C2_08_TorseurDynamique,STOCK,12_BielleManivelle,12_BielleManivelle.tex
C:,GitHub,ExercicesCompetences,C2_MettreEnOeuvreDemarche,C2_08_TorseurDynamique,STOCK,13_TransfoMouvement,13_TransfoMouvement.tex
C:,GitHub,ExercicesCompetences,C2_MettreEnOeuvreDemarche,C2_08_TorseurDynamique,STOCK,14_Sympact,14_Sympact.tex
C:,GitHub,ExercicesCompetences,C2_MettreEnOeuvreDemarche,C2_08_TorseurDynamique,STOCK,15_SympactGalet,15_SympactGalet.tex
C:,GitHub,ExercicesCompetences,C2_MettreEnOeuvreDemarche,C2_08_TorseurDynamique,STOCK,16_Poussoir,16_Poussoir.tex
C:,GitHub,ExercicesCompetences,C2_MettreEnOeuvreDemarche,C2_08_TorseurDynamique,STOCK,17_4Barres,17_4Barres.tex
C:,GitHub,ExercicesCompetences,C2_MettreEnOeuvreDemarche,C2_08_TorseurDynamique,STOCK,18_Maxpid,18_Maxpid.tex
C:,GitHub,ExercicesCompetences,C2_MettreEnOeuvreDemarche,C2_09_DeterminerLoiMouvement,01_T,,01_T.tex
C:,GitHub,ExercicesCompetences,C2_MettreEnOeuvreDemarche,C2_09_DeterminerLoiMouvement,02_R,,02_R.tex
C:,GitHub,ExercicesCompetences,C2_MettreEnOeuvreDemarche,C2_09_DeterminerLoiMouvement,03_TT,,03_TT.tex
C:,GitHub,ExercicesCompetences,C2_MettreEnOeuvreDemarche,C2_09_DeterminerLoiMouvement,04_RR,,04_RR.tex
C:,GitHub,ExercicesCompetences,C2_MettreEnOeuvreDemarche,C2_09_DeterminerLoiMouvement,05_RT,,05_RT.tex
C:,GitHub,ExercicesCompetences,C2_MettreEnOeuvreDemarche,C2_09_DeterminerLoiMouvement,06_TR,,06_TR.tex
C:,GitHub,ExercicesCompetences,C2_MettreEnOeuvreDemarche,C2_09_DeterminerLoiMouvement,07_RR3D,,07_RR3D.tex
C:,GitHub,ExercicesCompetences,C2_MettreEnOeuvreDemarche,C2_09_DeterminerLoiMouvement,08_RR3D,,08_RR3D.tex
C:,GitHub,ExercicesCompetences,C2_MettreEnOeuvreDemarche,C2_09_DeterminerLoiMouvement,09_RT_RSG,,09_RT_RSG.tex
C:,GitHub,ExercicesCompetences,C2_MettreEnOeuvreDemarche,C2_09_DeterminerLoiMouvement,46_RR_RSG,,46_RR_RSG.tex
C:,GitHub,ExercicesCompetences,C2_MettreEnOeuvreDemarche,C2_09_DeterminerLoiMouvement,STOCK,01_T_02,01_T_02.tex
C:,GitHub,ExercicesCompetences,C2_MettreEnOeuvreDemarche,C2_09_DeterminerLoiMouvement,STOCK,02_R_02,02_R_02.tex
C:,GitHub,ExercicesCompetences,C2_MettreEnOeuvreDemarche,C2_09_DeterminerLoiMouvement,STOCK,03_TT_02,03_TT_02.tex
C:,GitHub,ExercicesCompetences,C2_MettreEnOeuvreDemarche,C2_09_DeterminerLoiMouvement,STOCK,04_RR_02,04_RR_02.tex
C:,GitHub,ExercicesCompetences,C2_MettreEnOeuvreDemarche,C2_09_DeterminerLoiMouvement,STOCK,05_RT_02,05_RT_02.tex
C:,GitHub,ExercicesCompetences,C2_MettreEnOeuvreDemarche,C2_09_DeterminerLoiMouvement,STOCK,06_TR_02,06_TR_02.tex
C:,GitHub,ExercicesCompetences,C2_MettreEnOeuvreDemarche,C2_09_DeterminerLoiMouvement,STOCK,07_RR3D_02,07_RR3D_02.tex
C:,GitHub,ExercicesCompetences,C2_MettreEnOeuvreDemarche,C2_09_DeterminerLoiMouvement,STOCK,08_RR3D_02,08_RR3D_02.tex
C:,GitHub,ExercicesCompetences,C2_MettreEnOeuvreDemarche,C2_09_DeterminerLoiMouvement1D,01_T,,01_T.tex
C:,GitHub,ExercicesCompetences,C2_MettreEnOeuvreDemarche,C2_09_DeterminerLoiMouvement1D,02_R,,02_R.tex
C:,GitHub,ExercicesCompetences,C2_MettreEnOeuvreDemarche,C2_09_DeterminerLoiMouvement1D,14_Sympact,,14_Sympact.tex
C:,GitHub,ExercicesCompetences,C2_MettreEnOeuvreDemarche,C2_09_DeterminerLoiMouvement1D,61_Hemostase,,61_Hemostase.tex
C:,GitHub,ExercicesCompetences,C2_MettreEnOeuvreDemarche,C2_09_DeterminerLoiMouvement1D,61_Hemostase_02,,61_Hemostase_02.tex
C:,GitHub,ExercicesCompetences,C2_MettreEnOeuvreDemarche,C2_09_DeterminerLoiMouvement1D,63_BancHydraulique,,63_BancHydraulique.tex
C:,GitHub,ExercicesCompetences,C2_MettreEnOeuvreDemarche,C2_09_DeterminerLoiMouvement_TEC,10_PompePalette,,10_PompePalette.tex
C:,GitHub,ExercicesCompetences,C2_MettreEnOeuvreDemarche,C2_09_DeterminerLoiMouvement_TEC,11_PompePistonsRadiaux,,11_PompePistonsRadiaux.tex
C:,GitHub,ExercicesCompetences,C2_MettreEnOeuvreDemarche,C2_09_DeterminerLoiMouvement_TEC,12_BielleManivelle,,12_BielleManivelle.tex
C:,GitHub,ExercicesCompetences,C2_MettreEnOeuvreDemarche,C2_09_DeterminerLoiMouvement_TEC,13_TransfoMouvement,,13_TransfoMouvement.tex
C:,GitHub,ExercicesCompetences,C2_MettreEnOeuvreDemarche,C2_09_DeterminerLoiMouvement_TEC,14_Sympact,,14_Sympact.tex
C:,GitHub,ExercicesCompetences,C2_MettreEnOeuvreDemarche,C2_09_DeterminerLoiMouvement_TEC,15_SympactGalet,,15_SympactGalet.tex
C:,GitHub,ExercicesCompetences,C2_MettreEnOeuvreDemarche,C2_09_DeterminerLoiMouvement_TEC,16_Poussoir,,16_Poussoir.tex
C:,GitHub,ExercicesCompetences,C2_MettreEnOeuvreDemarche,C2_09_DeterminerLoiMouvement_TEC,17_4Barres,,17_4Barres.tex
C:,GitHub,ExercicesCompetences,C2_MettreEnOeuvreDemarche,C2_09_DeterminerLoiMouvement_TEC,18_Maxpid,,18_Maxpid.tex
C:,GitHub,ExercicesCompetences,C2_MettreEnOeuvreDemarche,C2_09_DeterminerLoiMouvement_TEC,19_Graham,,19_Graham.tex
C:,GitHub,ExercicesCompetences,C2_MettreEnOeuvreDemarche,C2_09_DeterminerLoiMouvement_TEC,20_VariateurBilles,,20_VariateurBilles.tex
C:,GitHub,ExercicesCompetences,C2_MettreEnOeuvreDemarche,C2_09_DeterminerLoiMouvement_TEC,49_ElevateurBateaux,,49_ElevateurBateaux.tex
C:,GitHub,ExercicesCompetences,C2_MettreEnOeuvreDemarche,C2_09_DeterminerLoiMouvement_TEC,50_BancBalafre,,50_BancBalafre.tex
C:,GitHub,ExercicesCompetences,C2_MettreEnOeuvreDemarche,C2_09_DeterminerLoiMouvement_TEC,64_EPAS,,64_EPAS.tex
C:,GitHub,ExercicesCompetences,C2_MettreEnOeuvreDemarche,C2_10_RdM_Cohesion,522_RdM,,522_RdM.tex
C:,GitHub,ExercicesCompetences,C2_MettreEnOeuvreDemarche,C2_10_RdM_Cohesion,523_RdM,,523_RdM.tex
C:,GitHub,ExercicesCompetences,C2_MettreEnOeuvreDemarche,C2_10_RdM_Cohesion,524_RdM,,524_RdM.tex
C:,GitHub,ExercicesCompetences,C2_MettreEnOeuvreDemarche,C2_10_RdM_Cohesion,525_RdM,,525_RdM.tex
C:,GitHub,ExercicesCompetences,C2_MettreEnOeuvreDemarche,C2_10_RdM_Cohesion,526_RdM,,526_RdM.tex
C:,GitHub,ExercicesCompetences,C2_MettreEnOeuvreDemarche,C2_10_RdM_Cohesion,527_RdM,,527_RdM.tex
C:,GitHub,ExercicesCompetences,C2_MettreEnOeuvreDemarche,C2_10_RdM_Cohesion,528_BrocheFraisage,,528_BrocheFraisage.tex
C:,GitHub,ExercicesCompetences,C2_MettreEnOeuvreDemarche,C2_10_RdM_Cohesion,529_Passerelle,,529_Passerelle.tex
C:,GitHub,ExercicesCompetences,C2_MettreEnOeuvreDemarche,C2_10_RdM_Cohesion,530_BancHelico,,530_BancHelico.tex
C:,GitHub,ExercicesCompetences,C2_MettreEnOeuvreDemarche,C2_10_RdM_Deformation,531_RdM,,531_RdM.tex
C:,GitHub,ExercicesCompetences,C2_MettreEnOeuvreDemarche,C2_10_RdM_Deformation,532_RdM,,532_RdM.tex
C:,GitHub,ExercicesCompetences,E2_ProduireInformation,E2_05_Dessin2D,1000_Dessin2D,,1000_Dessin2D.tex
C:,GitHub,ExercicesCompetences,E2_ProduireInformation,E2_05_Dessin2D,1001_Dessin2D,,1001_Dessin2D.tex
C:,GitHub,ExercicesCompetences,E2_ProduireInformation,E2_05_Dessin2D,1002_Dessin2D,,1002_Dessin2D.tex
C:,GitHub,ExercicesCompetences,E2_ProduireInformation,E2_05_Dessin2D,1003_Dessin2D,,1003_Dessin2D.tex
C:,GitHub,ExercicesCompetences,E2_ProduireInformation,E2_05_Dessin2D,1004_Dessin2D,,1004_Dessin2D.tex
C:,GitHub,ExercicesCompetences,E2_ProduireInformation,E2_05_Dessin2D,1005_Dessin2D,,1005_Dessin2D.tex
C:,GitHub,ExercicesCompetences,E2_ProduireInformation,E2_05_Dessin2D,1006_Dessin2D,,1006_Dessin2D.tex
C:,GitHub,ExercicesCompetences,E2_ProduireInformation,E2_05_Dessin2D,1007_Dessin2D,,1007_Dessin2D.tex
C:,GitHub,ExercicesCompetences,E2_ProduireInformation,E2_05_Dessin2D,1008_Dessin2D,,1008_Dessin2D.tex
C:,GitHub,ExercicesCompetences,E2_ProduireInformation,E2_05_Dessin2D,1009_Dessin2D,,1009_Dessin2D.tex
C:,GitHub,ExercicesCompetences,E2_ProduireInformation,E2_05_Dessin2D,1010_Dessin2D,,1010_Dessin2D.tex
C:,GitHub,ExercicesCompetences,E2_ProduireInformation,E2_05_Dessin2D,1011_Dessin2D,,1011_Dessin2D.tex
C:,GitHub,ExercicesCompetences,E2_ProduireInformation,E2_05_Dessin2D,1012_Dessin2D,,1012_Dessin2D.tex
C:,GitHub,ExercicesCompetences,E2_ProduireInformation,E2_05_Dessin2D,1013_Dessin2D,,1013_Dessin2D.tex
C:,GitHub,ExercicesCompetences,E2_ProduireInformation,E2_05_Dessin2D,1014_Dessin2D,,1014_Dessin2D.tex
C:,GitHub,ExercicesCompetences,E2_ProduireInformation,E2_05_Dessin2D,1015_Dessin2D,,1015_Dessin2D.tex
C:,GitHub,ExercicesCompetences,E2_ProduireInformation,E2_05_Dessin2D,1016_Dessin2D,,1016_Dessin2D.tex
C:,GitHub,ExercicesCompetences,E2_ProduireInformation,E2_05_Dessin2D,1017_Dessin2D,,1017_Dessin2D.tex
C:,GitHub,ExercicesCompetences,E2_ProduireInformation,E2_05_Dessin2D,1020_PompeEnsieta,,1020_PompeEnsieta.tex
